,source,author,title,description,url,urlToImage,publishedAt,content,sentiment_score
0,"{'id': 'wired', 'name': 'Wired'}",Jason Barlow,Nascar Pit Crews Are Using AI for the Perfect Pit Stop,"In a sport where speed is everything, Richard Childress Racing has embraced artificial intelligence to time its refueling down to the millisecond.",https://www.wired.com/story/lenovo-has-built-richard-childress-racing-its-own-nascar-pit-stop-ai/,"https://media.wired.com/photos/66bb208245c64c1be44e4ca4/191:100/w_1280,c_limit/NascarAI.jpg",2024-08-14T12:00:00Z,"Formula Ones paymaster, Liberty Media, may have thrust the sport deep into its American heartlandthere are now three grand prix in the USbut its Nascar that continues to build its TV audience there a… [+3002 chars]",0.4767
1,"{'id': None, 'name': 'Gizmodo.com'}",Matt Novak,Ikea Employees Are Getting New AI Drone Coworkers in the U.S.,The drones will do inventory while using artificial intelligence to avoid collisions.,https://gizmodo.com/ikea-employees-are-getting-new-ai-drone-coworkers-in-the-u-s-2000487964,https://gizmodo.com/app/uploads/2024/08/drone.gif,2024-08-16T17:30:44Z,"Ikea plans to introduce autonomous AI-enabled drones in its Perryville, Maryland, distribution center, according to a press release Friday. And while the Swedish company has been experimenting with d… [+2452 chars]",-0.0516
2,"{'id': None, 'name': 'Gizmodo.com'}",Cheryl Eddy,Marvel’s Vision Series Is Bringing Back James Spader as Ultron,The as-yet-untitled Vision series—a follow-up to WandaVision—stars Paul Bettany and is coming soon to Disney+.,https://gizmodo.com/marvels-vision-series-is-bringing-back-james-spader-as-ultron-2000490411,https://gizmodo.com/app/uploads/2024/08/avengers-age-of-ultron-vision-ultron.jpg,2024-08-23T17:24:47Z,"Star Trek: Picard‘s Terry Matalas is ramping up work on his next series, the as-yet-untitled Disney+ series centering on Marvel’s Vision. With Paul Bettany back as the emotionally evolved title andro… [+447 chars]",0.25
3,"{'id': None, 'name': 'Yahoo Entertainment'}",Reuters,"Apple's artificial intelligence features to be delayed, Bloomberg News reports","The iPhone maker is planning to begin rolling out Apple Intelligence to customers as part of software updates coming by October, the report added, citing...",https://finance.yahoo.com/news/apples-artificial-intelligence-features-delayed-185715406.html,https://media.zenfs.com/en/reuters.com/72478e17a36c7d340103b3d269c77eb1,2024-07-28T18:57:15Z,"(Reuters) -Apple's upcoming artificial intelligence features will arrive later than anticipated and will miss the initial launch of upcoming iPhone and iPad software overhauls, Bloomberg News reporte… [+1365 chars]",0.4767
4,"{'id': None, 'name': 'Gizmodo.com'}",Matthew Gault,America’s Cyber Security Agency Picks Its First Head of AI,The pick comes at a time when CISA’s head has compared the new technology to nuclear weapons.,https://gizmodo.com/americas-cyber-security-agency-picks-its-first-head-of-ai-2000482281,https://gizmodo.com/app/uploads/2024/08/LISA.jpg,2024-08-01T18:00:54Z,Washington D.C. has been scrambling for years to find artificial intelligence experts to navigate a world where LLMs and AI models may supercharge every aspect of our lives. This week the Cybersecuri… [+1897 chars],-0.4404
5,"{'id': 'the-verge', 'name': 'The Verge'}",Wes Davis,Nvidia reportedly delays its next AI chip due to a design flaw,"Nvidia encountered a design flaw during production that will delay its Blackwell B200 AI chips for at least three months, The Information reports.",https://www.theverge.com/2024/8/3/24212518/nvidia-ai-chip-delay-blackwell-b200-microsoft-amazon-google-openai-meta-artificial-intelligence,https://cdn.vox-cdn.com/thumbor/bwxseO5XgDj-9JPV0NwyHzhuPmw=/0x0:2040x1360/1200x628/filters:focal(1020x680:1021x681)/cdn.vox-cdn.com/uploads/chorus_asset/file/11447597/acastro_180529_1777_nvidia_0002.0.jpg,2024-08-03T14:17:28Z,"Nvidia reportedly delays its next AI chip due to a design flaw
Nvidia reportedly delays its next AI chip due to a design flaw
 / The companys next big AI chip may not ship in large numbers until ne… [+1603 chars]",-0.3182
6,"{'id': 'business-insider', 'name': 'Business Insider'}",Beatrice Nolan,AI risks destroying jobs. Tech leaders think they have the answer.,"Figures including Sam Altman think a form of universal basic income, or UBI, could be a solution if artificial intelligence starts destroying jobs.",https://www.businessinsider.com/ubi-universal-basic-income-ai-risks-destroying-jobs-solutions-2024-7,https://i.insider.com/66993d1380d4d5da13d4fd4e?width=1200&format=jpeg,2024-07-30T09:00:02Z,"PM Images/Getty Images
<ul><li>Some tech leaders are advocating for universal basic income to counteract AI-driven job automation.</li><li>High-profile Silicon Valley figures such as Elon Musk and S… [+5832 chars]",0.2023
7,"{'id': None, 'name': '[Removed]'}",,[Removed],[Removed],https://removed.com,,1970-01-01T00:00:00Z,[Removed],0.0
8,"{'id': 'wired', 'name': 'Wired'}","Kyle Orland, Ars Technica",How You Can Tell That Kamala Harris' Rally Crowds Aren't AI-Generated,Conspiracy theories have shot up around images of surging crowds for Harris-Walz campaign events. But all it takes is a little research to prove the photos are real.,https://www.wired.com/story/kamala-harris-rally-crowds-ai-trump-conspiracy/,"https://media.wired.com/photos/66bb8335431eda25aeb54d15/191:100/w_1280,c_limit/Harris-Rally-Signs-Pol-2165533763.jpg",2024-08-13T19:36:45Z,"Donald Trump may have coined a new term in his latest false attack on Kamala Harris' presidential campaign. In a pair of posts on Truth Social over the weekend, the former president said that Vice Pr… [+2286 chars]",-0.296
9,"{'id': None, 'name': 'BBC News'}",,Video games strike rumbles on in row over AI,Video game performers are concerned that generative AI could be used to reproduce their voices.,https://www.bbc.com/news/articles/czvxz11gl57o,https://ichef.bbci.co.uk/news/1024/branded_news/e143/live/af00db50-4e94-11ef-aebc-6de4d31bf5cd.jpg,2024-07-31T23:46:32Z,"Actors from the world of gaming went on strike last week, in a row about the use of artificial intelligence (AI) and the threat it poses to their livelihoods. It has reignited the debate about how th… [+5340 chars]",0.0
10,"{'id': None, 'name': 'MacRumors'}",Hartley Charlton,Apple Used Google Tensor Chips to Develop Apple Intelligence,"Apple used Tensor Processing Units (TPUs) developed by Google instead of Nvidia's widely-used graphics processing units (GPUs) to construct two critical components of Apple Intelligence.





The decision is detailed in a new research paper published by Apple…",https://www.macrumors.com/2024/07/30/google-chips-used-to-develop-apple-intelligence/,https://images.macrumors.com/t/eNxYmCA1u77ZdJovI2KACUQ_lN0=/2500x/article-new/2024/06/Apple-Intelligence-General-Feature.jpg,2024-07-30T12:56:09Z,"Apple used Tensor Processing Units (TPUs) developed by Google instead of Nvidia's widely-used graphics processing units (GPUs) to construct two critical components of Apple Intelligence.
The decisio… [+2055 chars]",0.2023
11,"{'id': None, 'name': 'Yahoo Entertainment'}","Kenrick  Cai, Max A. Cherney",Google unveils new phones and other gadgets powered by AI,"MOUNTAIN VIEW, California -Alphabet’s Google on Tuesday unveiled a lineup of new Pixel smartphones with deeper integrations of its artificial intelligence...",https://uk.finance.yahoo.com/news/google-unveils-phones-other-gadgets-170328885.html,https://media.zenfs.com/en/reuters.com/f885b707075796c8559fcf192d92feb3,2024-08-13T17:03:28Z,"By Kenrick Cai, Max A. Cherney
MOUNTAIN VIEW, California -Alphabets Google on Tuesday unveiled a lineup of new Pixel smartphones with deeper integrations of its artificial intelligence technology as… [+3343 chars]",0.0
12,"{'id': None, 'name': 'Yahoo Entertainment'}",Emily Forgash,Lumen Technologies Shares Surge to Best Month Ever Amid AI Frenzy,"(Bloomberg) -- Lumen Technologies Inc. shares leaped 150% in July for their best monthly gain on record, as artificial intelligence deals and short covering ...",https://finance.yahoo.com/news/lumen-technologies-shares-surge-best-153707087.html,https://media.zenfs.com/en/bloomberg_markets_842/486b32cbdf1a07182122b53b8f07f401,2024-07-31T15:37:07Z,"(Bloomberg) -- Lumen Technologies Inc. shares leaped 150% in July for their best monthly gain on record, as artificial intelligence deals and short covering sparked a wild run after years of vicious … [+1819 chars]",0.9169
13,"{'id': None, 'name': 'Yahoo Entertainment'}",Bill  MCCARTHY / AFP USA,Photo of Harris rally falsely claimed to show fabricated crowd,Social media users are accusing Kamala Harris's presidential campaign of using artificial intelligence to fabricate a photo of a crowd at a rally in the US...,https://www.yahoo.com/news/photo-harris-rally-falsely-claimed-155543965.html,https://s.yimg.com/ny/api/res/1.2/rPOvDhBiEHQ015WkCUCK2A--/YXBwaWQ9aGlnaGxhbmRlcjt3PTEyMDA7aD02MDA-/https://media.zenfs.com/en/afp_factcheck_us_713/f8e7a42e82692302b7efabf33b0124f6,2024-08-19T15:55:43Z,Social media users are accusing Kamala Harris's presidential campaign of using artificial intelligence to fabricate a photo of a crowd at a rally in the US state of Pennsylvania. This is false; numer… [+5758 chars],0.34
14,"{'id': None, 'name': 'Slashdot.org'}",BeauHD,"Google Agrees To $250 Million Deal To Fund California Newsrooms, AI","Google has reached a groundbreaking deal with California lawmakers to contribute millions to local newsrooms, aiming to support journalism amid its decline as readers migrate online and advertising dollars evaporate. The agreement also includes a controversia…",https://tech.slashdot.org/story/24/08/21/2228258/google-agrees-to-250-million-deal-to-fund-california-newsrooms-ai,https://a.fsdn.com/sd/topics/topicgoogle_fb.gif,2024-08-21T22:40:00Z,"Google has reached a groundbreaking deal with California lawmakers to contribute millions to local newsrooms, aiming to support journalism amid its decline as readers migrate online and advertising d… [+1942 chars]",0.743
15,"{'id': 'time', 'name': 'Time'}",Kurt Wagner / Bloomberg,Meta to Let Some Instagram Users Create AI Chatbots as ‘Extension of Themselves’,"Meta is rolling out the feature, called AI Studio, to try to court creators and further integrate its artificial intelligence software into its most popular consumer products.",https://time.com/7005238/meta-custom-ai-chatbot-instagram-professional-users-profile/,https://api.time.com/wp-content/uploads/2024/07/instagram.jpg?quality=85&w=1024&h=628&crop=1,2024-07-30T02:40:00Z,"Instagram parent Meta Platforms Inc. will let users create their own AI-powered chatbots and add them to their profiles, an effort to court creators and further integrate the companys artificial inte… [+1534 chars]",0.7346
16,"{'id': None, 'name': 'Gizmodo.com'}",David Nield,5 Ways That AI Is Actually Useful Right Now,Are you unsure on you can use AI help you in your day-to-day? Here are some great uses cases to leverage AI in your daily work flow.,https://gizmodo.com/5-ways-that-ai-is-actually-useful-right-now-2000481523,https://gizmodo.com/app/uploads/2024/07/00-hero-4.jpg,2024-08-02T10:15:46Z,Artificial intelligence seems to be either set to transform the world beyond all recognition or collapse in on itself. It’s hard to get a clear perspective on just how useful or otherwise this rapidl… [+4266 chars],0.7003
17,"{'id': None, 'name': 'Gizmodo.com'}",Todd Feathers,DOJ Sues Landlord Software Company RealPage for Inflating Americans’ Rents,"The lawsuit alleges that the Texas company intentionally fed competing landlords' nonpublic information about rental rates into its rent suggestion algorithms, resulting in anti-competitive recommendations that raised rents across markets.",https://gizmodo.com/doj-sues-landlord-software-company-realpage-for-inflating-americans-rents-2000490356,https://gizmodo.com/app/uploads/2024/08/DOJ-realpage-antitrust-header-1.jpg,2024-08-23T16:40:14Z,The U.S. Department of Justice and eight state attorneys general have filed an antitrust suit against the real estate software company RealPage accusing it of colluding with landlords to decrease com… [+2477 chars],-0.2263
18,"{'id': None, 'name': 'Gizmodo.com'}",Cheryl Eddy,Marvel’s Vision Series Is Bringing Back James Spader as Ultron,The as-yet-untitled Vision series—a follow-up to WandaVision—stars Paul Bettany and is coming to Disney+.,https://gizmodo.com/marvel-vision-tv-series-james-spader-ultron-disney-plus-2000490411,https://gizmodo.com/app/uploads/2024/08/avengers-age-of-ultron-vision-ultron.jpg,2024-08-23T17:24:47Z,"Star Trek: Picard‘s Terry Matalas is ramping up work on his next series, the as-yet-untitled Disney+ show centering on Marvel’s Vision. With Paul Bettany back as the emotionally evolved title android… [+2421 chars]",0.25
19,"{'id': 'the-verge', 'name': 'The Verge'}",Jess Weatherbed,Google reaches a $250 million deal to skirt proposed journalism bill,Google’s deal with California lawmakers will pay newsrooms across the state up to $250 million over the next five years to help bolster local journalism.,https://www.theverge.com/2024/8/22/24225986/google-california-newsroom-deal-cjpa-journalism,https://cdn.vox-cdn.com/thumbor/a1UuqmTXeWu_sDyVAVipeGpIQ0s=/0x0:2040x1360/1200x628/filters:focal(1020x680:1021x681)/cdn.vox-cdn.com/uploads/chorus_asset/file/24016885/STK093_Google_04.jpg,2024-08-22T14:03:06Z,"Google reaches a $250 million deal to skirt proposed journalism bill
Google reaches a $250 million deal to skirt proposed journalism bill
 / The five-year agreement to support California newsrooms … [+2903 chars]",0.3182
20,"{'id': None, 'name': 'ReadWrite'}",Sophie Atkinson,AI’s role in politics is under debate as manipulated video of Kamala Harris goes viral,"With artificial intelligence advancing, experts have long warned about the consequences of the technology when used incorrectly. Now, more concerns… Continue reading AI’s role in politics is under debate as manipulated video of Kamala Harris goes viral
The po…",https://readwrite.com/manipulated-ai-video-of-kamala-harris-goes-viral/,https://readwrite.com/wp-content/uploads/2024/07/large-0_0-6.jpg,2024-07-29T10:11:27Z,"With artificial intelligence advancing, experts have long warned about the consequences of the technology when used incorrectly. Now, more concerns have been raised after a manipulated AI video mimic… [+1819 chars]",-0.1531
21,"{'id': 'fox-news', 'name': 'Fox News'}","Kurt Knutsson, CyberGuy Report",How Meta AI can be your new digital assistant on the tech giant's platforms,Meta's artificial intelligence chatbot can make life easier. But it's important to remain aware of privacy issues and possible inaccuracies.,https://www.foxnews.com/tech/how-meta-ai-can-your-new-digital-assistant-tech-giants-platforms,https://static.foxnews.com/foxnews.com/content/uploads/2024/07/1-Cloned-on-Facebook-Heres-how-to-take-back-control-facebookalert.jpg,2024-08-25T10:00:13Z,"Meta's artificial intelligence chatbot, powered by Llama 3, is designed to make your online experience smoother and more enjoyable across platforms like Facebook, Messenger, Instagram and WhatsApp. I… [+8170 chars]",0.631
22,"{'id': 'fox-news', 'name': 'Fox News'}","Kurt Knutsson, CyberGuy Report",Google's AI power play: Is Apple feeling the heat?,"Google aims to dominate the competitive landscape of artificial intelligence, seizing the spotlight by unveiling various new innovations.",https://www.foxnews.com/tech/googles-ai-power-play-apple-feeling-heat,https://static.foxnews.com/foxnews.com/content/uploads/2024/08/5-Googles-AI-power-play_-Is-Apple-feeling-the-heat.jpg,2024-08-18T14:00:26Z,Google has its eye on the prize artificial intelligence and it's making a bold power play in the tech arena. The company's recent Made by Google event was more than just showcasing new technology. It… [+9459 chars],0.5106
23,"{'id': 'fox-news', 'name': 'Fox News'}","Kurt Knutsson, CyberGuy Report",3 most dangerous tech threats to 2024 elections,Don't fall for misinformation campaigns that use artificial intelligence technology in the form of deepfakes during this year's election season.,https://www.foxnews.com/tech/3-most-dangerous-tech-threats-2024-elections,https://static.foxnews.com/foxnews.com/content/uploads/2024/07/4-The-3-most-dangerous-tech-threats-to-the-2024-electio.jpg,2024-07-31T14:00:54Z,"With elections around the corner, people need to work harder to do their own research into who they want to vote for. That's because, as we've seen in the previous election, technology and social med… [+7985 chars]",0.6202
24,"{'id': None, 'name': 'Yahoo Entertainment'}",Mat Smith,The Morning After: Mark Zuckerberg is surprisingly angry about closed platforms,"In a fireside chat on Monday between NVIDIA CEO Jensen Huang and Meta CEO Mark Zuckerberg at the SIGGRAPH 2024, the latter dropped the f-bomb. After exchanging leather jackets (apparently two billionaires can’t get custom-made jackets that fit), the two talke…",https://consent.yahoo.com/v2/collectConsent?sessionId=1_cc-session_2719d624-41f4-432a-94da-9c77eb3f052b,,2024-07-30T11:57:16Z,"If you click 'Accept all', we and our partners, including 237 who are part of the IAB Transparency &amp; Consent Framework, will also store and/or access information on a device (in other words, use … [+678 chars]",0.0
25,"{'id': None, 'name': 'Slashdot.org'}",msmash,Can Google Make Stoplights Smarter?,An anonymous reader shares a report: Traffic along some of Seattle's stop-and-go streets is running a little smoother after Google tested out a new machine-learning system to optimize stoplight timing at five intersections. The company launched this test as p…,https://tech.slashdot.org/story/24/08/16/180229/can-google-make-stoplights-smarter,https://a.fsdn.com/sd/topics/ai_64.png,2024-08-16T19:21:00Z,Traffic along some of Seattle's stop-and-go streets is running a little smoother after Google tested out a new machine-learning system to optimize stoplight timing at five intersections. The company … [+1581 chars],0.7096
26,"{'id': 'business-insider', 'name': 'Business Insider'}",Erin Snodgrass,Hundreds of Taco Bell drive-thrus are set to be AI-run by the end of this year,Taco Bell's parent comapany is taking a rapid approach to rolling out new AI tech in drive-thru lanes across hundreds of  franchises.,https://www.businessinsider.com/hundreds-taco-bell-drive-thrus-ai-operated-by-end-2024-2024-7,https://i.insider.com/66aac92faab37011780c46b3?width=1200&format=jpeg,2024-08-01T02:58:59Z,"Yum! Brands said hundreds of Taco Bells across the country will have AI drive-thrus by the end of the year.Michael Siluk/UCG/Universal Images Group via Getty Images
<ul><li>Taco Bell's parent compan… [+3051 chars]",0.0
27,"{'id': 'business-insider', 'name': 'Business Insider'}",Chris Panella,The US and some its allies just pulled off a milestone first by letting AI target enemies like it would in a war,"The trial, led by the US Army, was the first time AUKUS members used AI in a simulated battlefield environment akin to a real conflict.",https://www.businessinsider.com/us-allies-ai-target-enemies-like-would-war-first-time-2024-8,https://i.insider.com/66ba231eb4912df3ae1abd45?width=1200&format=jpeg,2024-08-12T18:44:56Z,"DJI Matrice 300 reconnaissance drones, bought in the frame of program 'The Army of Drones' are seen during test flights in the Kyiv region prior to being sent to the front line.SERGEI SUPINSKY/AFP vi… [+4719 chars]",-0.5994
28,"{'id': 'business-insider', 'name': 'Business Insider'}",Kenneth Niemeyer,Ex-Google CEO Eric Schmidt says the Ukraine War turned him into an arms dealer,"Eric Schmidt, the former Google CEO, called himself a 'licensed arms dealer' and said his new AI drone company will help Ukraine fight Russia.",https://www.businessinsider.com/eric-schmidt-white-stork-ai-drones-ukraine-war-russia-2024-8,https://i.insider.com/66bfacbc1aa2ac29ee31ff48?width=1200&format=jpeg,2024-08-17T17:41:30Z,"Former Google CEO Eric Schmidt said he is now a ""licensed arms dealer"" after starting an artificial intelligence drone company to help Ukraine defend itself against Russia.Eugene Gologursky/Getty Ima… [+1801 chars]",0.0258
29,"{'id': None, 'name': 'NPR'}",Jennifer Ludden,DOJ accuses real estate software company of helping landlords collude to raise rents,The lawsuit says RealPage’s algorithmic pricing software lets landlords effectively collude and set rents above market rate. The Texas-based comapny has denied the allegations.,https://www.npr.org/2024/08/23/nx-s1-5087586/realpage-rent-lawsuit-doj-real-estate-software-landlords-justice-department-price-fixing,https://npr.brightspotcdn.com/dims3/default/strip/false/crop/4746x2670+0+247/resize/1400/quality/100/format/jpeg/?url=http%3A%2F%2Fnpr-brightspot.s3.amazonaws.com%2Fce%2Fcf%2F4180ff5d4c7bbd6d007d2daef50f%2Frealpage.jpg,2024-08-23T15:25:32Z,"The U.S. Department of Justice announced Friday that it is suing the real estate company RealPage, alleging it engaged in a price-fixing scheme to drive up rents.
Eight states are joining the Justic… [+476 chars]",-0.2263
30,"{'id': None, 'name': 'Slashdot.org'}",msmash,Authors Sue Anthropic For Copyright Infringement Over AI Training,"AI company Anthropic has been hit with a class-action lawsuit in California federal court by three authors who say it misused their books and hundreds of thousands of others to train its AI-powered chatbot Claude. From a report: The complaint, filed on Monday…",https://yro.slashdot.org/story/24/08/20/1524250/authors-sue-anthropic-for-copyright-infringement-over-ai-training,https://a.fsdn.com/sd/topics/court_64.png,2024-08-20T15:24:00Z,"The complaint, filed on Monday, by writers and journalists Andrea Bartz, Charles Graeber and Kirk Wallace Johnson, said that Anthropic used pirated versions of their works and others to teach Claude … [+429 chars]",-0.4767
31,"{'id': 'fox-news', 'name': 'Fox News'}","Kurt Knutsson, CyberGuy Report",AI technology can help you win the battle over mosquitoes,"The Bzigo Iris is a high-tech mosquito hunter for your home that utilizes artificial intelligence, works in the dark and weighs less than one pound.",https://www.foxnews.com/tech/ai-technology-can-help-you-win-battle-over-mosquitoes,https://static.foxnews.com/foxnews.com/content/uploads/2024/08/2-How-AI-technology-can-help-you-win-the-battle-over-mosquitoes.jpg,2024-08-18T10:00:02Z,"We've all experienced those frustrating moments when you're trying to catch a mosquito, only to have it vanish into thin air. 
Well, those days might soon be over, thanks to the Bzigo Iris, a smart … [+4037 chars]",0.4767
32,"{'id': None, 'name': 'Techsistence.com'}",Adam Gospodarczyk,Up to 90% of my code is now generated by AI,How is programming changing due to the development of generative artificial intelligence,https://www.techsistence.com/p/up-to-90-of-my-code-is-now-generated,"https://substackcdn.com/image/fetch/w_1200,h_600,c_fill,f_jpg,q_auto:good,fl_progressive:steep,g_auto/https%3A%2F%2Fsubstack-post-media.s3.amazonaws.com%2Fpublic%2Fimages%2F42b6550b-976c-4000-97e4-acb6bb8ea7fd_2216x1242.png",2024-07-28T14:03:40Z,"The field of AI caught my attention only after the release of ChatGPT. Previously, as a senior full-stack developer, I used GitHub Copilot and Tabnine since 2021, which helped me write code faster. T… [+10685 chars]",0.4767
33,"{'id': None, 'name': 'Science Daily'}",,'Smarter' semiconductor technology for training 'smarter' artificial intelligence,"A research team has recently demonstrated that analog hardware using ECRAM devices can maximize the computational performance of artificial intelligence, showcasing its potential for commercialization.",https://www.sciencedaily.com/releases/2024/08/240801121936.htm,https://www.sciencedaily.com/images/scidaily-icon.png,2024-08-01T16:19:36Z,"A research team, consisting of Professor Seyoung Kim from the Department of Materials Science and Engineering and the Department of Semiconductor Engineering and alumnus Kyungmi Noh and PhD student H… [+3208 chars]",0.4767
34,"{'id': 'business-insider', 'name': 'Business Insider'}",Kenneth Niemeyer,Elon Musk says Neuralink could help humans compete with AI: 'Let's give people superpowers',"Elon Musk says Neuralink, his venture into brain microchips, could allow humans to integrate with machines, ensuring the safety of AI in the future.",https://www.businessinsider.com/elon-musk-says-neuralink-help-humans-compete-with-ai-2024-8,https://i.insider.com/66ae871fa5247369a3e95726?width=1200&format=jpeg,2024-08-03T20:47:42Z,"Elon Musk said he thinks Neuralink could prevent AI from going off the rails in the future.Apu Gomes via Getty Images
<ul><li>Elon Musk said his Neuralink implant could help humans compete with AI i… [+3291 chars]",0.7003
35,"{'id': 'business-insider', 'name': 'Business Insider'}",Chris Panella,A 'robot dog' armed with an AI-enabled rifle for shooting down drones was tested at a US Army exercise,"The four-legged, remote-controlled unmanned ground vehicle is designed to locate and fight drones.",https://www.businessinsider.com/army-looks-into-robot-dog-armed-ai-rifle-shoot-drones-2024-8,https://i.insider.com/66b4fe0a5da406397bf43e1d?width=1200&format=jpeg,2024-08-08T19:45:29Z,"Sgt. Jaidon Novinska, a Mass Communication NCO with the 27th Public Affairs Detachment hailing from Green Bay, Wisconsin, provides video support of a four-legged unmanned ground vehicle (UGVs) armed … [+3721 chars]",-0.3818
36,"{'id': 'business-insider', 'name': 'Business Insider'}",Jordan Hart,Gen Z probably won't be lining up for the iPhone 16. Here's why Apple shouldn't worry too much.,"A survey shows Gen Z isn't prioritizing AI features in smartphones, but analysts believe Apple Intelligence will eventually drive iPhone 16 sales.",https://www.businessinsider.com/gen-zers-apple-dont-yet-care-about-ai-iphone-survey-2024-8,https://i.insider.com/66b6292eb4912df3ae1a40da?width=1200&format=jpeg,2024-08-09T16:16:24Z,"Apple's success in AI depends on utility, not Gen Z, an analyst said.Filip Radwanski/SOPA Images/Getty Images
<ul><li>Gen Z loves Apple but isn't prioritizing AI features in new smartphone purchases… [+2160 chars]",0.631
37,"{'id': 'ars-technica', 'name': 'Ars Technica'}",Ashley Belanger,"Elon Musk sues OpenAI, Sam Altman for making a “fool” out of him",Elon Musk asks court to void Microsoft’s exclusive deal with OpenAI.,https://arstechnica.com/tech-policy/2024/08/openai-wouldnt-exist-without-me-elon-musk-says-reviving-lawsuit/,https://cdn.arstechnica.net/wp-content/uploads/2024/08/GettyImages-491588398-760x380.jpg,2024-08-05T17:49:48Z,"Enlarge/ Elon Musk and Sam Altman share the stage in 2015, the same year that Musk alleged that Altman's ""deception"" began.
54
After withdrawing his lawsuit in June for unknown reasons, Elon Musk h… [+4903 chars]",0.128
38,"{'id': 'business-insider', 'name': 'Business Insider'}",Jordan Hart,Apple appears to have just shunned Nvidia again,"Apple's latest research paper revealed its use of Google chips for training iPhone AI, seemingly instead of Nvidia's GPUs.",https://www.businessinsider.com/apple-appears-to-have-shunned-nvidia-chips-for-google-ai-2024-7,https://i.insider.com/66a9159bfb6d32635ee4f9a9?width=1200&format=jpeg,2024-07-30T20:01:28Z,"Nvidia might be in high demand, but it's unclear if it's the first choice for Apple.Justin Sullivan/Getty Images
<ul><li>It appears that Apple opted for Google's TPU chips over Nvidia's for its AI d… [+1737 chars]",0.0
39,"{'id': None, 'name': 'Slashdot.org'}",BeauHD,"Google Gemini 1.5 Pro Leaps Ahead In AI Race, Challenging GPT-4o","An anonymous reader quotes a report from VentureBeat: Google launched its latest artificial intelligence powerhouse, Gemini 1.5 Pro, today, making the experimental ""version 0801"" available for early testing and feedback through Google AI Studio and the Gemini…",https://tech.slashdot.org/story/24/08/02/0547223/google-gemini-15-pro-leaps-ahead-in-ai-race-challenging-gpt-4o,https://a.fsdn.com/sd/topics/topicgoogle_fb.gif,2024-08-02T13:00:00Z,"Google launched its latest artificial intelligence powerhouse, Gemini 1.5 Pro, today, making the experimental ""version 0801"" available for early testing and feedback through Google AI Studio and the … [+829 chars]",0.5574
40,"{'id': None, 'name': 'Slashdot.org'}",EditorDavid,What's 81-Year-Old John 'Captain Crunch' Draper Doing Now?,"He was employee #13 at Apple Computers — after impressing Steve Wozniak and Steve Jobs with his ""blue box"" phone-phreaking technique. Now 81-year-old John ""Captain Crunch"" Draper has launched a new YouTube channel and web site. 

""I spent decades exploring th…",https://apple.slashdot.org/story/24/08/24/1816206/whats-81-year-old-john-captain-crunch-draper-doing-now,https://a.fsdn.com/sd/topics/apple_64.png,2024-08-24T18:34:00Z,"He was employee #13 at Apple Computers — after impressing Steve Wozniak and Steve Jobs with his ""blue box"" phone-phreaking technique. Now 81-year-old John ""Captain Crunch"" Draper has launched a new Y… [+2631 chars]",0.6124
41,"{'id': 'business-insider', 'name': 'Business Insider'}",Lakshmi Varanasi,Former Google CEO Eric Schmidt says the US military is falling behind in AI warfare and needs a 'systemic overhaul',Ex-Google CEO Eric Schmidt started a defense company called White Stork to produce AI drones. He says the US military needs to shift priorities.,https://www.businessinsider.com/eric-schmidt-google-white-stork-ai-drones-military-tech-ukraine-2024-8,https://i.insider.com/66cb9b2943b5e59d16b4fdb8?width=1200&format=jpeg,2024-08-25T21:21:36Z,"Former chairman and CEO of Google, Eric Schmidt.Shahar Azran/Getty Images
<ul><li>AI technology is revolutionizing warfare, says former Google CEO Eric Schmidt.</li><li>The US military needs a syste… [+2036 chars]",0.128
42,"{'id': None, 'name': '[Removed]'}",,[Removed],[Removed],https://removed.com,,1970-01-01T00:00:00Z,[Removed],0.0
43,"{'id': None, 'name': 'Gizmodo.com'}",Adam Kovac,ChatGPT Basically Sucks at Diagnosing Patients,"Presented with complex medical scenarios, ChatGPT gave the wrong answer more than half the time and often missed crucial information.",https://gizmodo.com/chatgpt-basically-sucks-at-diagnosing-patients-2000481685,https://gizmodo.com/app/uploads/2024/07/shutterstock_1066928579-e1722445863163.jpg,2024-07-31T18:00:28Z,"ChatGPT may be good for advising your workouts, but its got a long way to go before it replaces a doctor. A recent experiment found that the popular artificial intelligence chatbot makes wrong medica… [+2930 chars]",-0.6486
44,"{'id': None, 'name': 'Gizmodo.com'}",Harri Weber,Google Says AI Olympics Ad ‘Tested Well’ Before Inspiring Outrage,"Google tried turning Olympics fans into Gemini users. Instead, it made AI look like a weak substitute for parenting.",https://gizmodo.com/google-says-ai-olympics-ad-tested-well-before-inspiring-outrage-2000482900,https://gizmodo.com/app/uploads/2024/08/google-ai-ad-outrage-olympics.jpg,2024-08-04T00:36:01Z,"Google’s attempt to funnel Olympics excitement into its chatbot, Gemini, “tested well before airing,” the company said. Upon its debut, however, the ad repelled viewers by making artificial intellige… [+2713 chars]",-0.1027
45,"{'id': None, 'name': 'Gizmodo.com'}",Lucas Ropek,Pitch Dek Gives New Details on Company’s Plan to Listen to Your Devices for Ad Targeting,Consumers have long worried their devices are listening to them. A newly leaked pitch dek from a large media conglomerate seems to imply that's true.,https://gizmodo.com/pitch-dek-gives-new-details-on-companys-plan-to-listen-to-your-devices-for-ad-targeting-2000491095,https://gizmodo.com/app/uploads/2024/08/A-stock-image-of-a-cell-phone.jpg,2024-08-26T20:25:51Z,Media conglomerate Cox Media Group has been pitching tech companies on a new targeted advertising tool that uses audio recordings culled from smart home devices. The existence of this program was rev… [+2942 chars],-0.1779
46,"{'id': None, 'name': 'Scientific American'}",Jordan Kinard,These Living Computers Are Made from Human Neurons,"In the search for less energy-hungry artificial intelligence, some scientists are exploring living computers",https://www.scientificamerican.com/article/these-living-computers-are-made-from-human-neurons/,https://static.scientificamerican.com/dam/m/1614b1160fdb65b8/original/FinalSpark-Article-2-1200px_WEB.jpg?w=1200,2024-08-08T10:00:00Z,"Artificial intelligence systems, even those as sophisticated as ChatGPT, depend on the same silicon-based hardware that has been the bedrock of computing since the 1950s. But what if computers could … [+6546 chars]",0.4284
47,"{'id': None, 'name': 'Science Daily'}",,Researchers teaching artificial intelligence about frustration in protein folding,"Scientists have found a new way to predict how proteins change their shape when they function, which is important for understanding how they work in living systems. While recent artificial intelligence (AI) technology has made it possible to predict what prot…",https://www.sciencedaily.com/releases/2024/08/240820221828.htm,https://www.sciencedaily.com/images/scidaily-icon.png,2024-08-21T02:18:28Z,"Scientists have found a new way to predict how proteins change their shape when they function, which is important for understanding how they work in living systems. While recent artificial intelligen… [+4283 chars]",0.5994
48,"{'id': 'fox-news', 'name': 'Fox News'}",Fox News Staff,Fox News AI Newsletter: AI used to track Taliban terrorists,Stay up to date on the latest AI technology advancements and learn about the challenges and opportunities AI presents now and for the future.,https://www.foxnews.com/tech/fox-news-ai-newsletter-ai-used-track-taliban-terrorists,https://static.foxnews.com/foxnews.com/content/uploads/2024/06/Taliban-military-parade.jpg,2024-08-07T16:02:55Z,"Welcome to Fox News Artificial Intelligence newsletter with the latest AI technology advancements.
IN TODAYS NEWSLETTER:
- How the US used AI to take on the Taliban amid drawdown
- Elon Musk sues … [+1510 chars]",0.4404
49,"{'id': 'business-insider', 'name': 'Business Insider'}",Lloyd Lee,Apple just bought itself some time,"Apple's iPhone sales saw a slight decline, but the company beat Wall Street's expectations on overall profit as it builds its AI plans.",https://www.businessinsider.com/apple-bought-itself-some-time-after-quarterly-results-2024-8,https://i.insider.com/66ac0612a5247369a3e8f3f1?width=1200&format=jpeg,2024-08-01T22:47:16Z,Apple CEO Tim Cook brushed off an iPhone sales decline in Greater China while boasting a revenue record of $85.8 billion for the June quarter during an earnings call on Thursday.Justin Sullivan/Getty… [+3003 chars],0.5927
50,"{'id': None, 'name': 'Wsu.edu'}",,Using the term 'AI' in product descriptions reduces purchase intentions,"Companies may unintentionally hurt their sales by including the words “artificial intelligence” when describing their offerings that use the technology, according to a study led by WSU researchers.",https://news.wsu.edu/press-release/2024/07/30/using-the-term-artificial-intelligence-in-product-descriptions-reduces-purchase-intentions/,https://wpcdn.web.wsu.edu/news/uploads/sites/2797/2024/07/aiericstory.jpg,2024-07-31T13:01:34Z,"PULLMAN, Wash. Companies may unintentionally hurt their sales by including the words artificial intelligence when describing their offerings that use the technology, according to a study led by Washi… [+2409 chars]",-0.5267
51,"{'id': None, 'name': 'Scientific American'}","Bart Vandever, Eli Woodhall",Olympic Training Centers Are Using Big Data and AI to Give Team USA an Edge in Paris,"""Big data"" and artificial intelligence are changing how elite American athletes train for the biggest competition in the world.",https://www.scientificamerican.com/video/olympic-training-centers-are-using-big-data-and-ai-to-give-team-usa-an-edge/,https://static.scientificamerican.com/dam/m/5a40289769700439/original/View-from-the-water-of-a-professional-swimmer-standing-on-the-platform-and-then-diving-into-the-water-in-an-olympic-sized-swimming-pool.jpg?w=1200,2024-08-01T14:00:00Z,"Narrator: The first modern Olympic Games were held in Athens in 1896, and since then 26 countries have hosted the Games. As of now, the U.S. has by far the most medals in the history of the games. An… [+12435 chars]",0.4767
52,"{'id': None, 'name': 'MacRumors'}",Juli Clover,New 'Friend' Necklace Offers AI Companionship,"AI wearables like the Rabbit R1 and the AI Pin have attempted to capitalize on the popularity of artificial intelligence and have largely flopped, but that isn't stopping the creator of a new wearable device called Friend.






Friend is an AI necklace that…",https://www.macrumors.com/2024/07/30/friend-necklace-ai-companionship/,https://images.macrumors.com/t/-yMVRjJJujadCY6YQiEk9P1cRqQ=/2000x/article-new/2024/07/friend-ai-necklace.jpg,2024-07-30T22:47:28Z,"AI wearables like the Rabbit R1 and the AI Pin have attempted to capitalize on the popularity of artificial intelligence and have largely flopped, but that isn't stopping the creator of a new wearabl… [+1133 chars]",0.9339
53,"{'id': 'business-insider', 'name': 'Business Insider'}",jsor@businessinsider.com (Jennifer Sor),Nvidia CEO Jensen Huang sold a record $323 million of stock in July before the market tanked,"Jensen Huang has sold nearly half a billion worth of Nvidia shares this summer, SEC filings show.",https://markets.businessinsider.com/news/stocks/nvidia-jensen-huang-stock-sale-tech-selloff-fed-rate-cuts-2024-8,https://i.insider.com/66b12956b4912df3ae19028d?width=1200&format=jpeg,2024-08-05T20:09:01Z,"Jensen Huang shed a record amount of Nvidia shares from his portfolio last month, bring his total stock sales to nearly $500 million this summer, putting the CEO of the chip titan ahead of a brutal g… [+1128 chars]",0.4767
54,"{'id': None, 'name': 'kottke.org'}",Jason Kottke,Artificial General Intelligence Might Be Humanity’s Last Invention,"Humans are the first and, to our knowledge, only entities on Earth to develop general intelligence, which has allowed us to domi",https://kottke.org/24/08/artificial-general-intelligence-might-be-humanitys-last-invention,https://i.ytimg.com/vi/fa8k8IQ1_X0/sddefault.jpg,2024-08-16T17:39:38Z,"Humans are the first and, to our knowledge, only entities on Earth to develop general intelligence, which has allowed us to dominate and alter the planet in a way and at a speed that no other entity … [+878 chars]",0.4767
55,"{'id': None, 'name': 'Yahoo Entertainment'}",Brad Smith,Why Apple's iPhone 16 might not be enough to drive sales,"Apple (AAPL) is set to host its iPhone 16 launch event on September 9, with investors eagerly awaiting the unveiling of the next generation of smartphones...",https://finance.yahoo.com/video/why-apples-iphone-16-might-150000531.html,https://s.yimg.com/ny/api/res/1.2/yhhUHsZOVe8jVAtGOwi9ZA--/YXBwaWQ9aGlnaGxhbmRlcjt3PTEyMDA7aD02NzY-/https://s.yimg.com/os/creatr-uploaded-images/2024-08/0e880e40-647a-11ef-9eb7-2c698efd72b6,2024-08-27T15:00:00Z,"Apple (AAPL) is set to host its iPhone 16 launch event on September 9, with investors eagerly awaiting the unveiling of the next generation of smartphones, Apple Watches, and AirPods. Maxim Group man… [+731 chars]",0.3818
56,"{'id': 'fox-news', 'name': 'Fox News'}",Fox News Staff,Fox News AI Newsletter: US leads world in fastest AI development: report,Stay up to date on the latest AI technology advancements and learn about the challenges and opportunities AI presents now and for the future.,https://www.foxnews.com/tech/fox-news-ai-newsletter-us-leads-world-developing-ai-fastest-report,https://static.foxnews.com/foxnews.com/content/uploads/2024/07/2-Humanoid-robot-gets-to-work-in-BMW-assembly-plant.jpg,2024-08-21T16:00:49Z,"Welcome to Fox News Artificial Intelligence newsletter with the latest AI technology advancements.
IN TODAYS NEWSLETTER:
- US tops AI ranking index with triple the investment, job postings as China… [+1500 chars]",0.4404
57,"{'id': None, 'name': 'MacRumors'}",Juli Clover,Apple's Q3 2024 Earnings Call Takeaways,"Apple today held an earnings call for the third fiscal quarter of 2024 (second calendar quarter), with Apple reporting its best June quarter to date, with revenue higher than expected. Apple CEO Tim Cook and Apple CFO Luca Maestri provided some insight into A…",https://www.macrumors.com/2024/08/01/apple-q3-2024-earnings-takeaways/,https://images.macrumors.com/t/xkVHlBaujx_SDb1_mm4VSNOI50g=/2676x/article-new/2022/01/Apple-Logo-Cash-Feature-Yellow.jpg,2024-08-01T22:24:12Z,"Apple today held an earnings call for the third fiscal quarter of 2024 (second calendar quarter), with Apple reporting its best June quarter to date, with revenue higher than expected. Apple CEO Tim … [+3739 chars]",0.6369
58,"{'id': None, 'name': 'Slashdot.org'}",msmash,Intel Board Member Quit After Differences Over Chipmaker's Revival Plan,"An anonymous reader shares a report: The sudden resignation of a high-profile Intel board member came after differences with CEO Pat Gelsinger and other directors over what the director considered the U.S. company's bloated workforce, risk-averse culture and …",https://slashdot.org/story/24/08/27/1612211/intel-board-member-quit-after-differences-over-chipmakers-revival-plan,https://a.fsdn.com/sd/topics/intel_64.png,2024-08-27T16:11:00Z,"The sudden resignation of a high-profile Intel board member came after differences with CEO Pat Gelsinger and other directors over what the director considered the U.S. company's bloated workforce, r… [+1428 chars]",0.0
59,"{'id': None, 'name': 'Slashdot.org'}",EditorDavid,Elon Musk Will Discuss $5B Tesla Investment in X's 'Grok' Chatbot Company xAI,"Elon Musk recently posted on X.com that his satellite internet service Starlink is now operating on over 1,000 aircraft — and ""is now active in a Gaza hospital with the support of the United Arab Emirates Israel."" But on Tuesday, Musk posed this question to h…",https://slashdot.org/story/24/07/27/028238/elon-musk-will-discuss-5b-tesla-investment-in-xs-grok-chatbot-company-xai,https://a.fsdn.com/sd/topics/ai_64.png,2024-07-27T15:34:00Z,"Elon Musk recently posted on X.com that his satellite internet service Starlink is now operating on over 1,000 aircraft — and ""is now active in a Gaza hospital with the support of the United Arab Emi… [+854 chars]",0.5574
60,"{'id': None, 'name': 'Science Daily'}",,Using the term 'artificial intelligence' in product descriptions reduces purchase intentions,"Companies may unintentionally hurt their sales by including the words 'artificial intelligence' when describing their offerings that use the technology, according to a recent study. Researchers conducted experimental surveys with more than 1,000 adults in the…",https://www.sciencedaily.com/releases/2024/07/240730134844.htm,https://www.sciencedaily.com/images/scidaily-icon.png,2024-07-30T17:48:44Z,"Companies may unintentionally hurt their sales by including the words ""artificial intelligence"" when describing their offerings that use the technology, according to a study led by Washington State U… [+2405 chars]",-0.0772
61,"{'id': None, 'name': 'Science Daily'}",,Peering into the mind of artificial intelligence to make better antibiotics,"Artificial intelligence (AI) has exploded in popularity as of late. But just like a human, it's hard to read an AI model's mind. Explainable AI (XAI) could help us do just that by providing justification for a model's decisions. And now, researchers are using…",https://www.sciencedaily.com/releases/2024/08/240819172516.htm,https://www.sciencedaily.com/images/scidaily-icon.png,2024-08-19T21:25:16Z,"Artificial intelligence (AI) has exploded in popularity. It powers models that help us drive vehicles, proofread emails and even design new molecules for medications. But just like a human, it's hard… [+4243 chars]",0.8519
62,"{'id': None, 'name': 'Slashdot.org'}",BeauHD,From Sci-Fi To State Law: California's Plan To Prevent AI Catastrophe,"An anonymous reader quotes a report from Ars Technica: California's ""Safe and Secure Innovation for Frontier Artificial Intelligence Models Act"" (a.k.a. SB-1047) has led to a flurry of headlines and debate concerning the overall ""safety"" of large artificial i…",https://yro.slashdot.org/story/24/07/29/2237231/from-sci-fi-to-state-law-californias-plan-to-prevent-ai-catastrophe,https://a.fsdn.com/sd/topics/ai_64.png,2024-07-29T23:00:00Z,"California's ""Safe and Secure Innovation for Frontier Artificial Intelligence Models Act"" (a.k.a. SB-1047) has led to a flurry of headlines and debate concerning the overall ""safety"" of large artific… [+2970 chars]",0.875
63,"{'id': 'business-insider', 'name': 'Business Insider'}",Ana Altchek,Meta's going to spend like crazy on AI in the next year — and investors don't hate it,"Mark Zuckerberg's Meta is going to spend even more on building its AI capacity over the rest of the year, he said. Investors cheered.",https://www.businessinsider.com/meta-ai-spending-more-mark-zuckerberg-investors-stock-price-2024-7,https://i.insider.com/66aab2591a227600e63358cc?width=1200&format=jpeg,2024-07-31T22:32:29Z,"Meta expects infrastructure costs to be a ""significant driver of expense growth next year.""Jeff Bottari/Zuffa LLC via Getty Images; iStock; Rebecca Zisser/BI
<ul><li>Meta's second-quarter revenue hi… [+3029 chars]",0.5106
64,"{'id': 'business-insider', 'name': 'Business Insider'}",Jordan Hart,OpenAI's brain drain isn't a great look for Sam Altman,"OpenAI is losing key members like cofounder John Schulman to rivals, adding to challenges in the AI market and trust issues for CEO Sam Altman.",https://www.businessinsider.com/openai-brain-drain-isnt-great-for-sam-altman-competition-2024-8,https://i.insider.com/66b2387db4912df3ae192a3a?width=1200&format=jpeg,2024-08-07T18:58:33Z,"OpenAI will have to weather the storms of being the first company to take generative AI mainstream.Justin Sullivan/Getty Images;Chelsea Jia Feng/BI
<ul><li>OpenAI is losing key members, including co… [+3348 chars]",0.5423
65,"{'id': None, 'name': 'Heyvivek.com'}",Vivek,How to Build Your First AI Model: A Comprehensive Guide,"Artificial Intelligence (AI) is transforming industries and redefining the way we interact with technology. Building your first AI model can seem like a daunting task, but with the right guidance and tools, you can embark on this exciting journey. In...",https://heyvivek.com/how-to-build-your-first-ai-model-a-comprehensive-guide,https://hashnode.com/utility/r?url=https%3A%2F%2Fcdn.hashnode.com%2Fres%2Fhashnode%2Fimage%2Fstock%2Funsplash%2FjIBMSMs4_kA%2Fupload%2Fff1e0e464e5ade8d535509166a032abd.jpeg%3Fw%3D1200%26h%3D630%26fit%3Dcrop%26crop%3Dentropy%26auto%3Dcompress%2Cformat%26format%3Dwebp%26fm%3Dpng,2024-08-01T02:30:09Z,"Artificial Intelligence (AI) is transforming industries and redefining the way we interact with technology. Building your first AI model can seem like a daunting task, but with the right guidance and… [+4397 chars]",0.837
66,"{'id': 'fox-news', 'name': 'Fox News'}",Fox News Staff,Fox News AI Newsletter: Actors take on 'AI fraudsters',Stay up to date on the latest AI technology advancements and learn about the challenges and opportunities AI presents now and for the future.,https://www.foxnews.com/tech/fox-news-ai-newsletter-ai-fraudsters,https://static.foxnews.com/foxnews.com/content/uploads/2024/08/FranDrescher.jpg,2024-08-10T12:00:16Z,"Welcome to Fox News Artificial Intelligence newsletter with the latest AI technology advancements.
IN TODAYS NEWSLETTER:
- SAG president Fran Drescher slams AI fraudsters as congressional bill on d… [+1551 chars]",0.4404
67,"{'id': 'fox-news', 'name': 'Fox News'}",Fox News Staff,Fox News AI Newsletter: Hit TV series creator warns Hollywood,Stay up to date on the latest AI technology advancements and learn about the challenges and opportunities AI presents now and for the future.,https://www.foxnews.com/tech/fox-news-ai-newsletter-hit-tv-series-creator-warns-hollywood,https://static.foxnews.com/foxnews.com/content/uploads/2024/08/CharlieBrooker.jpg,2024-08-24T12:30:59Z,"Welcome to Fox News Artificial Intelligence newsletter with the latest AI technology advancements.
IN TODAYS NEWSLETTER:
- Black Mirror creator says AI technology isnt the problem: Its how you use … [+1865 chars]",0.4404
68,"{'id': None, 'name': 'Yahoo Entertainment'}",Max A. Cherney,Apple says it uses no Nvidia GPUs to train its AI models,Apple relied on chips designed by Alphabet's Google rather than industry leader Nvidia to build its new artificial-intelligence software infrastructure that ...,https://ca.finance.yahoo.com/news/apple-says-uses-no-nvidia-220349455.html,https://media.zenfs.com/en/reuters.com/85e105640d6a54c6388f2f487c98e78d,2024-07-29T22:03:49Z,"By Max A. Cherney
SAN FRANCISCO (Reuters) - Apple relied on chips designed by Alphabet's Google rather than industry leader Nvidia to build its new artificial-intelligence software infrastructure th… [+2110 chars]",0.0
69,"{'id': 'polygon', 'name': 'Polygon'}",Charlie Hall,Tabletop’s most prestigious painting competition bans AI from future events,"Say what you will about Games Workshop’s particular style of corporate communication, which seemingly vacillates between obtuse and obstinate depending on the day. But when the company behind Warhammer 40,000 and Warhammer: Age of Sigmar makes a definitive st…",https://www.polygon.com/gaming/442935/golden-demon-bans-ai-neil-hollis,https://platform.polygon.com/wp-content/uploads/sites/2/2024/08/neil_hollis_ai_golden_demon_entry_cropped.jpg?quality=90&strip=all&crop=0%2C10.732984293194%2C100%2C78.534031413613&w=1200,2024-08-22T14:45:03Z,"Say what you will about Games Workshop’s particular style of corporate communication, which seemingly vacillates between obtuse and obstinate depending on the day. But when the company behind Warhamm… [+1687 chars]",-0.1531
70,"{'id': None, 'name': 'Futurity: Research News'}",Luke Auburn-Rochester,The tech community is split over artificial intelligence,"An analysis of nearly 34,000 comments on Reddit provides new insights about perceptions of AI after ChatGPT’s launch.",https://www.futurity.org/tech-community-ai-opinions-3244062/,https://www.futurity.org/wp/wp-content/uploads/2024/08/artificial-intelligence-opinions-1600.jpg,2024-08-07T16:21:50Z,"The tech community is more strongly divided in how they feel about artificial intelligence than the general public, according to a study of Reddit discourse following the launch of ChatGPT.
Research… [+2656 chars]",0.0
71,"{'id': 'the-next-web', 'name': 'The Next Web'}",Callum Booth,Nonconsensual deepfake pornography is a bane on society — here’s how Europe can fight it,"Just as the sun rises and sets, some things are inevitable. Consider technology. As soon as something new emerges, people invariably find a way to abuse it. In recent years, this mantle has fallen on artificial intelligence (AI) and one of its most troubling …",https://thenextweb.com/news/nonconsensual-deepfake-pornography-europe-fighting-it,https://img-cdn.tnwcdn.com/image/tnw-blurple?filter_last=1&fit=1280%2C640&url=https%3A%2F%2Fcdn0.tnwcdn.com%2Fwp-content%2Fblogs.dir%2F1%2Ffiles%2F2024%2F02%2Ftaylor-swift-deepfake.jpg&signature=6163ea8877c1c982df61104e102dc929,2024-07-30T07:30:52Z,"Just as the sun rises and sets, some things are inevitable. Consider technology. As soon as something new emerges, people invariably find a way to abuse it. In recent years, this mantle has fallen on… [+9669 chars]",-0.8122
72,"{'id': 'the-next-web', 'name': 'The Next Web'}",Amanda Kavanagh,"AI upskilling is essential for Python developers, says education expert","As generative AI continues to evolve at a rapid pace, programmers face a new challenge: mastering meaningful artificial intelligence. It seems that every workplace is pushing towards leveraging the technology — some with more consideration and ethics than oth…",https://thenextweb.com/news/ai-upskilling-is-essential-for-python-developers-says-education-expert,https://img-cdn.tnwcdn.com/image/tnw-blurple?filter_last=1&fit=1280%2C640&url=https%3A%2F%2Fcdn0.tnwcdn.com%2Fwp-content%2Fblogs.dir%2F1%2Ffiles%2F2024%2F08%2FDesigner-3.jpeg&signature=fda7b7ac450926deb29ad79c9a06e7c6,2024-08-27T10:42:47Z,"As generative AI continues to evolve at a rapid pace, programmers face a new challenge: mastering meaningful artificial intelligence.
It seems that every workplace is pushing towards leveraging the … [+4186 chars]",0.6908
73,"{'id': None, 'name': 'MacRumors'}",Joe Rossignol,"iOS 18 vs. iOS 18.1: New Features, Release Timing, and More","As a result of the first Apple Intelligence features being delayed, iOS 18 and iOS 18.1 are currently in beta testing simultaneously.





Below, we explain the differences between the two upcoming software updates, including new features and estimated releas…",https://www.macrumors.com/2024/08/09/ios-18-vs-ios-18-1/,https://images.macrumors.com/t/I00FSkiBU64SDTMfRlzvINueoe0=/2500x/article-new/2024/06/Generic-iOS-18-Feature-Real-Mock.jpg,2024-08-09T13:30:58Z,"As a result of the first Apple Intelligence features being delayed, iOS 18 and iOS 18.1 are currently in beta testing simultaneously.
Below, we explain the differences between the two upcoming softw… [+5146 chars]",0.296
74,"{'id': None, 'name': 'Hackaday'}",Bryan Cockfield,Building AI Models To Diagnose HVAC Issues,"HVAC – heating, ventilation, and air conditioning – can account for a huge amount of energy usage of a building, whether it’s residential or industrial. Often it’s the majority energy …read more",https://hackaday.com/2024/08/08/building-ai-models-to-diagnose-hvac-issues/,https://hackaday.com/wp-content/uploads/2024/08/hvac-ai-main.jpg,2024-08-08T23:00:37Z,"HVAC – heating, ventilation, and air conditioning – can account for a huge amount of energy usage of a building, whether it’s residential or industrial. Often it’s the majority energy consumer, espec… [+1860 chars]",0.6705
75,"{'id': 'business-insider', 'name': 'Business Insider'}",Lloyd Lee,"Sam Altman and generative AI can't be trusted, says leading expert","OpenAI's Sam Altman has contradicted his public pronouncements for AI safety and tools like ChatGPT will likely never be safe, Gary Marcus wrote.",https://www.businessinsider.com/sam-altman-generative-ai-cant-be-trusted-gary-marcus-openai-2024-8,https://i.insider.com/66b01256a5247369a3e95fca?width=1200&format=jpeg,2024-08-05T00:29:51Z,"Gary Marcus, left, who founded a machine learning company, argued in a recent column for The Guardian that Sam Altman can't be trusted and that AI is headed in the wrong direction.Patrick Semansky/AP… [+3285 chars]",0.1516
76,"{'id': None, 'name': 'Phys.Org'}",Science X,Predicting soil liquefaction risk using artificial intelligence,Soil liquefaction that results in infrastructure damage has long been a point of contention for urban planners and engineers. Accurately predicting the soil liquefaction risk of a region could help overcome this challenge.,https://phys.org/news/2024-08-soil-liquefaction-artificial-intelligence.html,https://scx2.b-cdn.net/gfx/news/2024/predicting-soil-liquef.jpg,2024-08-01T14:29:51Z,Soil liquefaction that results in infrastructure damage has long been a point of contention for urban planners and engineers. Accurately predicting the soil liquefaction risk of a region could help o… [+4514 chars],-0.3182
77,"{'id': 'fox-news', 'name': 'Fox News'}",Fox News Staff,Fox News AI Newsletter: Taco Bell to use Voice AI for drive-thrus,Stay up to date on the latest AI technology advancements and learn about the challenges and opportunities AI presents now and for the future.,https://www.foxnews.com/tech/fox-news-ai-newsletter-taco-bell-use-voice-ai-drive-thrus,https://static.foxnews.com/foxnews.com/content/uploads/2024/08/Taco-Bell-Nvidia.png,2024-08-03T12:30:03Z,"Welcome to Fox News Artificial Intelligence newsletter with the latest AI technology advancements.
IN TODAYS NEWSLETTER:
- Taco Bell to expand AI tech at drive-thrus
- Intel shares sink with 15% o… [+1474 chars]",0.4404
78,"{'id': 'business-insider', 'name': 'Business Insider'}",Hasan Chowdhury,Apple wants to rewire search with AI — and that may help cut the Google cord,Apple's AI could come at just the right moment as it faces the risk of losing Google as the default search engine on its devices.,https://www.businessinsider.com/apple-google-ai-rewire-search-siri-antitrust-ruling-2024-8,https://i.insider.com/66b21313393cd3c8629b8049?width=1200&format=jpeg,2024-08-06T13:48:58Z,"Apple CEO Tim Cook is betting consumers will increasingly use its AI for search queries.Justin Sullivan/Getty Images
<ul><li>For years, Apple has had Google as the default search engine on its devic… [+3823 chars]",-0.5719
79,"{'id': None, 'name': 'Windows Central'}",kevinokemwa@outlook.com (Kevin Okemwa),Even Microsoft doesn't think AI is 'designed or intended' to substitute professionals and should only be treated as a guide,Microsoft recently released an updated Service Agreement indicating that artificial intelligence should be considered more of a guide than a replacement for professional advice.,https://www.windowscentral.com/software-apps/even-microsoft-doesnt-think-ai-is-designed-to-substitute-professionals,https://cdn.mos.cms.futurecdn.net/GAemr4SJ9CKFdwALAVcD8a-1200-80.jpg,2024-08-20T10:35:35Z,"What you need to know
<ul><li>Microsoft just updated its Services Agreement which will take effect on September 30, 2024.</li><li>The updated agreement says AI-generated responses should not be misc… [+3281 chars]",0.743
80,"{'id': 'business-insider', 'name': 'Business Insider'}","Aditi Bharade,Kwan Wei Kevin Tan","In the age of AI, there's no future for workers content with being code monkeys — and they know it","AI is reducing the need for software engineers, and software engineers know that they need to do more than just code to stay relevant in the AI era.",https://www.businessinsider.com/with-ai-theres-no-future-for-slow-moving-code-monkeys-2024-7,https://i.insider.com/66a7f121a0fc5856d59860c9?width=1200&format=jpeg,2024-07-30T03:50:19Z,"iStock; Rebecca Zisser/BI
<ul><li>Artificial intelligence is now the top priority for major tech firms.</li><li>Software engineers know they need to do more than just code to stay relevant in the AI… [+6582 chars]",0.0
81,"{'id': None, 'name': 'Slashdot.org'}",msmash,North America Added a Whole Silicon Valley's Worth of Data Center Inventory This Year,North America's eight primary data center markets added 515 megawatts (MW) of new supply in the first half of 2024 -- the equivalent of Silicon Valley's entire existing inventory -- according to a new report real-estate services firm CBRE. From a report: All …,https://slashdot.org/story/24/08/20/1714220/north-america-added-a-whole-silicon-valleys-worth-of-data-center-inventory-this-year,https://a.fsdn.com/sd/topics/business_64.png,2024-08-20T17:20:00Z,Check out the new Slashdot job board to browse remote jobs or jobs in your areaDo you develop on GitHub? You can keep using GitHub but automatically sync your GitHub releases to SourceForge quickly a… [+228 chars],0.0
82,"{'id': None, 'name': 'Slashdot.org'}",BeauHD,HPE Set For Unconditional EU Nod For $14 Billion Juniper Deal,"According to Reuters, Hewlett Packard Enterprise (HPE) is expected to secure unconditional EU antitrust approval for its $14 billion acquisition of networking gear maker Juniper Networks. From the report: HPE announced the deal in January, underscoring the ru…",https://tech.slashdot.org/story/24/07/29/2252231/hpe-set-for-unconditional-eu-nod-for-14-billion-juniper-deal,https://a.fsdn.com/sd/topics/business_64.png,2024-07-29T23:40:00Z,The Fine Print: The following comments are owned by whoever posted them. We are not responsible for them in any way.,0.6705
83,"{'id': None, 'name': 'Slashdot.org'}",msmash,Elon Musk Revives Lawsuit Against OpenAI and Sam Altman,"Elon Musk has reignited his legal battle against OpenAI, the creators of ChatGPT, by filing a new lawsuit in a California federal court. The suit, which revives a six-year-old dispute, accuses OpenAI founders Sam Altman and Greg Brockman of breaching the comp…",https://yro.slashdot.org/story/24/08/05/160235/elon-musk-revives-lawsuit-against-openai-and-sam-altman,https://a.fsdn.com/sd/topics/ai_64.png,2024-08-05T16:05:00Z,"idk if anyone mentioned here is ""honest"" per se.
but at least they don't whine to the government like a little bitch at every turn... oh wait: https://time.com/6280372/sam-a... [time.com] 
""AI is d… [+228 chars]",-0.6705
84,"{'id': None, 'name': 'AppleInsider'}",news@appleinsider.com (Mike Wuerthele),Apple admits to using Google Tensor hardware to train Apple Intelligence,"New artificial intelligence research published by Apple reveals that Apple has been using Google hardware to build the early foundations of Apple Intelligence.The research paper, called ""Apple Intelligence Foundation Language Models"" is pretty technical, and …",https://appleinsider.com/articles/24/07/29/apple-admits-to-using-google-tensor-hardware-to-train-apple-intelligence,https://photos5.appleinsider.com/gallery/58993-120392-57996-118130-000-lede-Siri-2-xl-xl.jpg,2024-07-29T21:53:49Z,"New artificial intelligence research published by Apple reveals that Apple has been using Google hardware to build the early foundations of Apple Intelligence.
The research paper, called ""Apple Inte… [+1737 chars]",0.8555
85,"{'id': None, 'name': 'Gizmodo.com'}",Matt Novak,Pathetic Old Man Claims Crowd at Kamala Harris Rally Was Made With AI,Trump's conspiracy theories keep getting weirder as the latest polls show him losing to Kamala Harris.,https://gizmodo.com/pathetic-old-man-claims-crowd-at-kamala-harris-rally-was-made-with-ai-2000485857,https://gizmodo.com/app/uploads/2024/08/trump-august-9-2024-montana.jpg,2024-08-12T17:15:56Z,"Donald Trump, the world’s most famous weirdo, has made plenty of absurd claims over the years. But the 78-year-old’s latest social media rant might be his weirdest yet. Trump took to his social media… [+4872 chars]",-0.7579
86,"{'id': None, 'name': 'WDTN.com'}","MATT O'BRIEN, Associated Press",White House says no need to restrict 'open-source' AI at least for now,"The White House is coming out in favor of “open-source” artificial intelligence technology, arguing in a report Tuesday that there’s no need right now for restrictions on companies making key components of their powerful AI systems widely available. “We recog…",https://www.wdtn.com/news/business/ap-business/ap-white-house-says-no-need-to-restrict-open-source-artificial-intelligence-at-least-for-now/,https://www.wdtn.com/wp-content/uploads/sites/45/2021/07/cropped-WDTN-Dot-Com.png?strip=1,2024-07-30T16:43:43Z,"The White House is coming out in favor of open-source artificial intelligence technology, arguing in a report Tuesday that there’s no need right now for restrictions on companies making key component… [+2415 chars]",0.5267
87,"{'id': None, 'name': 'Medical Xpress'}",Kendall Daniels,Many FDA-approved AI medical devices are not trained on real patient data,"Artificial intelligence (AI) has practically limitless applications in health care, ranging from auto-drafting patient messages in MyChart to optimizing organ transplantation and improving tumor removal accuracy. Despite their potential benefit to doctors and…",https://medicalxpress.com/news/2024-08-fda-ai-medical-devices-real.html,https://scx2.b-cdn.net/gfx/news/hires/2023/transplant.jpg,2024-08-26T22:10:36Z,"Artificial intelligence (AI) has practically limitless applications in health care, ranging from auto-drafting patient messages in MyChart to optimizing organ transplantation and improving tumor remo… [+8237 chars]",0.7918
88,"{'id': None, 'name': '9to5Mac'}",Ben Lovejoy,"US government tackling AI dangers, with deepfake ban and vetting of next ChatGPT model","The US government is taking potential AI dangers more seriously, following its decision to create an Artificial Intelligence Safety Institute Consortium (AISIC) earlier this year, with Apple as a member.



A proposed new law would outlaw the use of deepfakes…",https://9to5mac.com/2024/08/01/us-government-tackling-ai-dangers/,https://i0.wp.com/9to5mac.com/wp-content/uploads/sites/6/2024/08/US-government-tackling-AI-dangers.jpg?resize=1200%2C628&quality=82&strip=all&ssl=1,2024-08-01T12:08:04Z,"The US government is taking potential AI dangers more seriously, following its decision to create an Artificial Intelligence Safety Institute Consortium (AISIC) earlier this year, with Apple as a mem… [+2418 chars]",0.4228
89,"{'id': None, 'name': 'Yahoo Entertainment'}",Anusuya Lahiri,Baidu's Robotaxi Has been Getting Closer To Scalable Adoption With Unit Economics Breakeven In Sight: Goldman Sachs,"Goldman Sachs analyst Lincoln Kong maintained a Buy rating on Baidu, Inc (NASDAQ:BIDU) with a price target of $129. Kong rerated the stock after hosting an...",https://finance.yahoo.com/news/baidus-robotaxi-getting-closer-scalable-155349384.html,https://media.zenfs.com/en/Benzinga/b0572b905b5dc219794b3bf70364702f,2024-08-26T15:53:49Z,"Baidu's Robotaxi Has been Getting Closer To Scalable Adoption With Unit Economics Breakeven In Sight: Goldman Sachs
Goldman Sachs analyst Lincoln Kong maintained a Buy rating on Baidu, Inc (NASDAQ:B… [+2912 chars]",0.0
90,"{'id': None, 'name': 'kottke.org'}",Jason Kottke,A travel reporter tests AI travel services with a trip to Norway....,A travel reporter tests AI travel services with a trip to Norway. “Can artificial intelligence devise a bucket-list vacation,https://kottke.org/24/08/0045139-a-travel-reporter-tests-a,,2024-08-22T16:50:22Z,"×Hello! In order to leave a comment, you need to be a current kottke.org member. If you'd like to sign up for a membership to support the site and join the conversation, you can explore your options … [+394 chars]",0.4767
91,"{'id': 'business-insider', 'name': 'Business Insider'}",Erica Sweeney,Verizon sees early success using generative AI to answer questions from business customers,"Verizon's generative AI reduces the workload for its agents by summarizing calls, giving prompts, and automatically tracking follow-up actions.",https://www.businessinsider.com/verizon-is-using-generative-ai-to-streamline-business-relationships-2024-7,https://i.insider.com/66955a988893442a5156ad61?width=1200&format=jpeg,2024-07-30T15:59:11Z,"Verizon's adoption of generative artificial intelligence is a step toward increasing productivity for its employees and customers.SOPA Images
<ul><li>Verizon uses generative AI to reduce the workloa… [+5581 chars]",0.34
92,"{'id': None, 'name': 'BBC News'}",,Writer calls for more working-class people in TV,He says class should be considered as a diversity metric as much as other forms of representation.,https://www.bbc.com/news/articles/cy8xjvzx5zno,https://ichef.bbci.co.uk/news/1024/branded_news/2395/live/66742b50-5fea-11ef-8c32-f3c2bc7494c6.jpg,2024-08-21T18:15:54Z,"Playwright and screenwriter James Graham has called for more opportunities for working-class people in the TV industry.
Delivering the MacTaggart lecture at the Edinburgh TV Festival, Graham cited f… [+4839 chars]",0.0
93,"{'id': None, 'name': '9to5Mac'}",Bradley Chambers,Apple @ Work: What Apple Intelligence Means for IT teams,"Apple @ Work is exclusively brought to you by Mosyle, the only Apple Unified Platform. Mosyle is the only solution that integrates in a single professional-grade platform all the solutions necessary to seamlessly and automatically deploy, manage & protect App…",https://9to5mac.com/2024/08/24/what-apple-intelligence-means-for-it-teams/,https://i0.wp.com/9to5mac.com/wp-content/uploads/sites/6/2024/01/Apple-At-Work-FI.png?resize=1200%2C628&quality=82&strip=all&ssl=1,2024-08-24T12:00:00Z,"Apple @ Work is exclusively brought to you by Mosyle, the only Apple Unified Platform. Mosyle is the only solution that integrates in a single professional-grade platform all the solutions necessary … [+7811 chars]",0.802
94,"{'id': 'business-insider', 'name': 'Business Insider'}",Sarah Jackson,Nvidia is the early winner in Big Tech's latest earnings season,Nvidia is again reaping the rewards of Big Tech spending on AI. It's the big winner so far in this year's earnings season.,https://www.businessinsider.com/nvidia-big-tech-earnings-week-early-winner-ai-microsoft-2024-7,https://i.insider.com/662a37200dfb1341e9fef513?width=1200&format=jpeg,2024-07-31T16:42:33Z,"Nvidia and CEO Jensen Huang are early winners in Big Tech's earnings week.Slaven Vlasic/Getty Images for The New York Times; Chelsea Jia Feng/BI
<ul><li>Big Tech companies are reporting earnings thi… [+2247 chars]",0.7845
95,"{'id': 'business-insider', 'name': 'Business Insider'}",Lloyd Lee,Mark Zuckerberg gives props to DeepMind's CEO for using him to get a better price from Google,"Mark Zuckerberg gave props to DeepMind CEO Demis Hassabis for using Meta to get a better deal from Google, which bought the AI lab for $500M+.",https://www.businessinsider.com/mark-zuckerberg-gives-props-deepmind-ceo-demis-hassabis-google-aquisition-2024-8,https://i.insider.com/66b576e6b4912df3ae1a2839?width=1200&format=jpeg,2024-08-09T02:11:45Z,"Meta CEO Mark Zuckerberg said he respected DeepMind CEO Demis Hassabis for using his social media company to leverage a better deal with Google.David Zalubowski/AP, Pau Barrena/AFP via Getty Images
… [+2295 chars]",0.4404
96,"{'id': None, 'name': 'Uncrate.com'}",Uncrate,Friend AI Pendant,Socially awkward? Are you a terrible conversationalist? Do you lack any personality traits that other humans might find interesting and want to engage with? Artificial intelligence wants to solve those embarrassing problems. In a world where technology is inc…,https://uncrate.com/friend-ai-pendant/,https://uncrate.com/p/2024/07/friend-at-pendant-1.jpg,2024-07-30T23:00:00Z,"Don't let your tie be an afterthought. Don't go digging for that kitschy hand-me-down your dad not-so-kindly bestowed upon you stock up on stylish, timeless, Italian-made ties from Aklasu instead. Al… [+599 chars]",-0.3695
97,"{'id': None, 'name': 'Science Daily'}",,"AI opens door to safe, effective new antibiotics to combat resistant bacteria","In a hopeful sign for demand for more safe, effective antibiotics for humans, researchers have leveraged artificial intelligence to develop a new drug that already is showing promise in animal trials.",https://www.sciencedaily.com/releases/2024/07/240731141014.htm,https://www.sciencedaily.com/images/scidaily-icon.png,2024-07-31T18:10:14Z,"In a hopeful sign for demand for more safe, effective antibiotics for humans, researchers at The University of Texas at Austin have leveraged artificial intelligence to develop a new drug that alread… [+4284 chars]",0.9296
98,"{'id': 'ars-technica', 'name': 'Ars Technica'}",Nate Anderson,The conspiracy theorists who think Biden has been replaced by AI,"Anything you dislike can now be called an ""AI fake.""",https://arstechnica.com/ai/2024/08/the-conspiracy-theorists-who-think-biden-has-been-replaced-by-ai/,https://cdn.arstechnica.net/wp-content/uploads/2023/07/getty-biden-760x380.jpg,2024-08-07T22:15:36Z,"Enlarge/ Joe Bidenor is it his AI-powered hologram?
46
At 1:18 pm ET on July 21, 2023, President Joe Biden stepped to the podium in the White House's Roosevelt Room and announced, ""I'm the AI."" The… [+3368 chars]",-0.3818
99,"{'id': None, 'name': '9to5Mac'}",Ben Lovejoy,"AI diary: Testing Apple Intelligence Writing Tools, and finding myself impressed","Having yesterday tried out the Siri improvements brought to us in iOS 18.1, I next decided to test the Apple Intelligence Writing Tools: Proofreading, rewriting, and summarizing.



Just for fun, I took a recursive approach to the task, and first asked AI to …",https://9to5mac.com/2024/08/01/testing-apple-intelligence-writing-tools/,https://i0.wp.com/9to5mac.com/wp-content/uploads/sites/6/2024/08/Testing-Apple-Intelligence-Writing-Tools.jpg?resize=1200%2C628&quality=82&strip=all&ssl=1,2024-08-01T14:19:29Z,"Having yesterday tried out the Siri improvements brought to us in iOS 18.1, I next decided to test the Apple Intelligence Writing Tools: Proofreading, rewriting, and summarizing.
Just for fun, I too… [+7544 chars]",0.8271
